<?xml version="1.0" encoding="UTF-8"?>
<faces-config xmlns="http://java.sun.com/xml/ns/javaee" 
              xmlns:xsi="http://www.w3.org/2001/XMLSchema-instance" 
              xsi:schemaLocation="http://java.sun.com/xml/ns/javaee /WEB-INF/schema/web-facesconfig_2_0.xsd" 
              version="2.0" metadata-complete="false">
    <!-- This file must be present with our jar, even if it is empty.  Otherwise, our Java annotations won't get scanned! -->
<managed-bean>
	<managed-bean-name>pImpl</managed-bean-name>
    <managed-bean-class>com.java.manager.PatientDAOImpl</managed-bean-class>
    <managed-bean-scope>request</managed-bean-scope>
  </managed-bean>    
<managed-bean>
	<managed-bean-name>patient</managed-bean-name>
    <managed-bean-class>com.java.manager.Patient_Enrollment</managed-bean-class>
    <managed-bean-scope>request</managed-bean-scope>
  </managed-bean>    
<managed-bean>
	<managed-bean-name>pageDao</managed-bean-name>
    <managed-bean-class>com.java.manager.JsfPaginationBean</managed-bean-class>
    <managed-bean-scope>request</managed-bean-scope>
  </managed-bean>    
               
<managed-bean>
	<managed-bean-name>controller</managed-bean-name>
   <managed-bean-class>com.java.manager.Controller</managed-bean-class>
   <managed-bean-scope>request</managed-bean-scope>
   <managed-property>
            <property-name>patient</property-name>
            <property-class>com.java.manager.Patient_Enrollment</property-class>
            <value>#{patient}</value>
    </managed-property>
    <managed-property>
            <property-name>pImpl</property-name>
            <property-class>com.java.manager.PatientDAOImpl</property-class>
            <value>#{pImpl}</value>
    </managed-property>
     <managed-property>
            <property-name>pageDao</property-name>
            <property-class>com.java.manager.JsfPaginationBean</property-class>
            <value>#{pageDao}</value>
    </managed-property>
</managed-bean>

<managed-bean>
		<managed-bean-name>admin2</managed-bean-name>
		<managed-bean-class>com.java.manager.AdminLogin
		</managed-bean-class>
		<managed-bean-scope>request</managed-bean-scope>
	</managed-bean>

	<managed-bean>
		<managed-bean-name>adminDao</managed-bean-name>
		<managed-bean-class>com.java.manager.AdminLoginImpl</managed-bean-class>
		<managed-bean-scope>request</managed-bean-scope>
	</managed-bean>
	
	<managed-bean>
		<managed-bean-name>sub</managed-bean-name>
		<managed-bean-class>com.java.manager.Subscriptions</managed-bean-class>
		<managed-bean-scope>request</managed-bean-scope>
	</managed-bean>
	<managed-bean>
		<managed-bean-name>subImpl</managed-bean-name>
		<managed-bean-class>com.java.manager.SubscriptionImpl</managed-bean-class>
		<managed-bean-scope>request</managed-bean-scope>
	</managed-bean>

<managed-bean>
	<managed-bean-name>pageDao2</managed-bean-name>
    <managed-bean-class>com.java.manager.JsfPaginationBean2</managed-bean-class>
    <managed-bean-scope>request</managed-bean-scope>
 </managed-bean>   

<managed-bean>
	<managed-bean-name>controller2</managed-bean-name>
   <managed-bean-class>com.java.manager.Controller2</managed-bean-class>
   <managed-bean-scope>request</managed-bean-scope>
   <managed-property>
            <property-name>sub</property-name>
            <property-class>com.java.manager.Subscriptions</property-class>
            <value>#{sub}</value>
    </managed-property>
    <managed-property>
            <property-name>subImpl</property-name>
            <property-class>com.java.manager.SubscriptionImpl</property-class>
            <value>#{subImpl}</value>
    </managed-property>
     <managed-property>
            <property-name>pageDao2</property-name>
            <property-class>com.java.manager.JsfPaginationBean2</property-class>
            <value>#{pageDao2}</value>
    </managed-property>
</managed-bean>

</faces-config>
