<?xml version="1.0" encoding="UTF-8" standalone="no"?>
<!-- Generated Dec 29, 2023, 11:53:30 AM by Hibernate Tools 3.6.2.Final --><!DOCTYPE hibernate-mapping PUBLIC "-//Hibernate/Hibernate Mapping DTD 3.0//EN" "http://www.hibernate.org/dtd/hibernate-mapping-3.0.dtd">
<hibernate-mapping auto-import="true" default-access="property" default-cascade="none" default-lazy="true">
    <class dynamic-insert="false" dynamic-update="false" mutable="true" name="com.java.manager.AdminLogin" optimistic-lock="version" polymorphism="implicit" select-before-update="false" table="admin_auth">
        <id name="id" type="int">
            <column name="ID"/>
            <generator class="assigned"/>
        </id>
        <property generated="never" lazy="false" name="name" optimistic-lock="true" type="java.lang.String" unique="false">
            <column name="NAME"/>
        </property>
        <property generated="never" lazy="false" name="username" optimistic-lock="true" type="java.lang.String" unique="false">
            <column name="USERNAME"/>
        </property>
        <property generated="never" lazy="false" name="email" optimistic-lock="true" type="java.lang.String" unique="false">
            <column name="EMAIL"/>
        </property>
        <property generated="never" lazy="false" name="otp" optimistic-lock="true" type="java.lang.String" unique="false">
            <column name="OTP"/>
        </property>
        <property generated="never" lazy="false" name="password" optimistic-lock="true" type="java.lang.String" unique="false">
            <column name="PASSWORD"/>
        </property>
        <property generated="never" lazy="false" name="securityQuestion" optimistic-lock="true" type="java.lang.String" unique="false">
            <column name="SECURITYQUESTION"/>
        </property>
        <property generated="never" lazy="false" name="securityAnswer" optimistic-lock="true" type="java.lang.String" unique="false">
            <column name="SECURITYANSWER"/>
        </property>
    </class>
</hibernate-mapping>
